{
  "n_splits": 5,
  "n_samples": 371,
  "W": 70,
  "F": 4,
  "R2_mean": 0.9387323400196921,
  "MAE_mean": 0.05448362355777191,
  "RMSE_mean": 0.07035225847597637,
  "median_best_epoch": 26
}