{
  "n_splits": 3,
  "n_samples": 595,
  "W": 70,
  "F": 4,
  "R2_mean": 0.9572362919944184,
  "MAE_mean": 0.04539337426885038,
  "RMSE_mean": 0.05918140199326786,
  "median_best_epoch": 26
}